{"content":[],"settings":{"template":"default","system_colors":[{"_id":"primary","title":"Primary","color":"#6EC1E4"},{"_id":"secondary","title":"Secondary","color":"#54595F"},{"_id":"text","title":"Text","color":"#7A7A7A"},{"_id":"accent","title":"Accent","color":"#61CE70"}],"custom_colors":[{"_id":"361f22f","title":"Black","color":"#000000"},{"_id":"6e67bca","title":"White","color":"#FFFFFF"}],"typography_enable_styleguide_preview":"yes","system_typography":[{"_id":"primary","title":"Page Title \/ H1","typography_typography":"custom","typography_font_family":"Roboto","typography_font_size":{"unit":"px","size":60,"sizes":[]},"typography_line_height":{"unit":"em","size":1.6,"sizes":[]},"typography_font_size_tablet":{"unit":"px","size":50,"sizes":[]},"typography_font_size_mobile":{"unit":"px","size":40,"sizes":[]}},{"_id":"secondary","title":"Section Headlines \/ H2","typography_typography":"custom","typography_font_family":"Roboto Slab","typography_font_size":{"unit":"px","size":50,"sizes":[]},"typography_font_size_tablet":{"unit":"px","size":40,"sizes":[]},"typography_font_size_mobile":{"unit":"px","size":30,"sizes":[]},"typography_line_height_mobile":{"unit":"em","size":1.2,"sizes":[]},"typography_line_height":{"unit":"em","size":1.2,"sizes":[]}},{"_id":"text","title":"Module Headlines \/ H3","typography_typography":"custom","typography_font_family":"Roboto","typography_font_size":{"unit":"px","size":40,"sizes":[]},"typography_line_height":{"unit":"em","size":1.2,"sizes":[]},"typography_font_size_tablet":{"unit":"px","size":34,"sizes":[]},"typography_font_size_mobile":{"unit":"px","size":28,"sizes":[]}},{"_id":"accent","title":"H4","typography_typography":"custom","typography_font_family":"Roboto","typography_font_weight":"500","typography_font_size":{"unit":"px","size":34,"sizes":[]},"typography_line_height":{"unit":"em","size":1.2,"sizes":[]},"typography_font_size_tablet":{"unit":"px","size":28,"sizes":[]},"typography_font_size_mobile":{"unit":"px","size":24,"sizes":[]}}],"custom_typography":[{"_id":"cb47f77","title":"H5","typography_typography":"custom","typography_font_size":{"unit":"px","size":28,"sizes":[]},"typography_font_size_tablet":{"unit":"px","size":24,"sizes":[]},"typography_font_size_mobile":{"unit":"px","size":20,"sizes":[]},"typography_line_height":{"unit":"em","size":1.2,"sizes":[]}},{"_id":"3e3c46a","title":"H6","typography_typography":"custom","typography_font_size":{"unit":"px","size":24,"sizes":[]},"typography_font_size_tablet":{"unit":"px","size":20,"sizes":[]},"typography_font_size_mobile":{"unit":"px","size":18,"sizes":[]},"typography_line_height":{"unit":"em","size":1.2,"sizes":[]}},{"_id":"f261652","title":"Lead In","typography_typography":"custom","typography_font_size":{"unit":"px","size":20,"sizes":[]},"typography_font_size_tablet":{"unit":"px","size":18,"sizes":[]},"typography_line_height":{"unit":"em","size":1.2,"sizes":[]}},{"_id":"98a2376","title":"Button Text","typography_typography":"custom","typography_font_size_mobile":{"unit":"px","size":16,"sizes":[]},"typography_line_height_mobile":{"unit":"em","size":1.2,"sizes":[]},"typography_font_size":{"unit":"px","size":16,"sizes":[]},"typography_line_height":{"unit":"em","size":1.2,"sizes":[]}},{"_id":"3ab9a6b","title":"Body Text \/ P \/ ULOL","typography_typography":"custom","typography_font_size":{"unit":"px","size":18,"sizes":[]},"typography_font_size_tablet":{"unit":"px","size":16,"sizes":[]},"typography_line_height":{"unit":"em","size":1.6,"sizes":[]}}],"default_generic_fonts":"Sans-serif","page_title_selector":"h1.entry-title","hello_footer_copyright_text":"All rights reserved","activeItemIndex":1,"__globals__":{"body_typography_typography":"globals\/typography?id=3ab9a6b","h1_typography_typography":"globals\/typography?id=primary","h2_typography_typography":"globals\/typography?id=secondary","h3_typography_typography":"globals\/typography?id=text","h4_typography_typography":"globals\/typography?id=accent","h5_typography_typography":"globals\/typography?id=cb47f77","h6_typography_typography":"globals\/typography?id=3e3c46a","button_typography_typography":""},"viewport_md":769,"viewport_lg":1025,"colors_enable_styleguide_preview":"yes","container_width":{"unit":"px","size":1442,"sizes":[]},"container_padding":{"unit":"px","top":"150","right":"0","bottom":"150","left":"0","isLinked":false},"container_padding_tablet":{"unit":"px","top":"80","right":"0","bottom":"80","left":"0","isLinked":false},"container_padding_mobile":{"unit":"px","top":"60","right":"0","bottom":"60","left":"0","isLinked":false},"viewport_mobile":768,"body_typography_typography":"custom","body_typography_font_size":{"unit":"px","size":18,"sizes":[]},"body_typography_line_height":{"unit":"em","size":1.6,"sizes":[]},"h1_typography_typography":"custom","h1_typography_font_family":"Roboto","h1_typography_font_size":{"unit":"px","size":60,"sizes":[]},"h1_typography_line_height":{"unit":"em","size":1.2,"sizes":[]},"h2_typography_typography":"custom","h2_typography_font_family":"Roboto Slab","h2_typography_font_size":{"unit":"px","size":50,"sizes":[]},"h3_typography_typography":"custom","h3_typography_font_family":"Roboto","h3_typography_font_size":{"unit":"px","size":40,"sizes":[]},"h3_typography_line_height":{"unit":"em","size":1.2,"sizes":[]},"h4_typography_typography":"custom","h4_typography_font_family":"Roboto","h4_typography_font_size":{"unit":"px","size":34,"sizes":[]},"h4_typography_font_weight":"500","h4_typography_line_height":{"unit":"em","size":1.2,"sizes":[]},"h5_typography_typography":"custom","h5_typography_font_size":{"unit":"px","size":28,"sizes":[]},"h5_typography_line_height":{"unit":"em","size":1.2,"sizes":[]},"h6_typography_typography":"custom","h6_typography_font_size":{"unit":"px","size":24,"sizes":[]},"h6_typography_line_height":{"unit":"em","size":1.2,"sizes":[]},"button_typography_typography":"custom","button_typography_font_size":{"unit":"px","size":16,"sizes":[]},"button_typography_font_weight":"400","button_typography_line_height":{"unit":"em","size":1.2,"sizes":[]},"body_typography_font_size_tablet":{"unit":"px","size":16,"sizes":[]},"h1_typography_font_size_tablet":{"unit":"px","size":50,"sizes":[]},"h1_typography_font_size_mobile":{"unit":"px","size":40,"sizes":[]},"h2_typography_font_size_tablet":{"unit":"px","size":40,"sizes":[]},"h2_typography_font_size_mobile":{"unit":"px","size":30,"sizes":[]},"h2_typography_line_height_mobile":{"unit":"em","size":1.2,"sizes":[]},"h3_typography_font_size_tablet":{"unit":"px","size":34,"sizes":[]},"h3_typography_font_size_mobile":{"unit":"px","size":28,"sizes":[]},"h4_typography_font_size_tablet":{"unit":"px","size":28,"sizes":[]},"h4_typography_font_size_mobile":{"unit":"px","size":24,"sizes":[]},"h5_typography_font_size_tablet":{"unit":"px","size":24,"sizes":[]},"h5_typography_font_size_mobile":{"unit":"px","size":20,"sizes":[]},"h6_typography_font_size_tablet":{"unit":"px","size":20,"sizes":[]},"h6_typography_font_size_mobile":{"unit":"px","size":18,"sizes":[]},"button_typography_font_size_mobile":{"unit":"px","size":16,"sizes":[]},"button_typography_line_height_mobile":{"unit":"em","size":1.2,"sizes":[]}},"metadata":[]}